What is the Middle Fossa Approach?	IAC from above, hearing preservation	rhoton::approach rhoton::surgical-technique rhoton::skull-base
What anatomical region contains the Middle Fossa Approach?	Surgical Approaches Overview	rhoton::approach rhoton::surgical-technique rhoton::skull-base
What structures does the Middle Fossa Approach provide access to?	Internal Auditory Canal, Temporal Bone	rhoton::approach rhoton::surgical-technique rhoton::skull-base
What is the Supracerebellar Infratentorial Approach?	Pineal region, quadrigeminal cistern	rhoton::approach rhoton::surgical-technique rhoton::pineal-region
What anatomical region contains the Supracerebellar Infratentorial Approach?	Surgical Approaches Overview	rhoton::approach rhoton::surgical-technique rhoton::pineal-region
What structures does the Supracerebellar Infratentorial Approach provide access to?	Pineal Region, Cerebellum	rhoton::approach rhoton::surgical-technique rhoton::pineal-region
What is the Retrosigmoid Approach?	CP angle access, microvascular decompression	rhoton::approach rhoton::surgical-technique rhoton::posterior-fossa
What anatomical region contains the Retrosigmoid Approach?	Surgical Approaches Overview	rhoton::approach rhoton::surgical-technique rhoton::posterior-fossa
What structures does the Retrosigmoid Approach provide access to?	Cerebellopontine Cistern, Trigeminal Nerve	rhoton::approach rhoton::surgical-technique rhoton::posterior-fossa
What is the Far Lateral Approach?	Foramen magnum, lower clivus, vertebral artery	rhoton::approach rhoton::surgical-technique rhoton::posterior-fossa
What anatomical region contains the Far Lateral Approach?	Surgical Approaches Overview	rhoton::approach rhoton::surgical-technique rhoton::posterior-fossa
What structures does the Far Lateral Approach provide access to?	Foramen Magnum, Vertebral Artery	rhoton::approach rhoton::surgical-technique rhoton::posterior-fossa
What is the Pterional Approach?	Frontotemporal craniotomy, sylvian fissure access	rhoton::approach rhoton::surgical-technique rhoton::anterior-circulation
What anatomical region contains the Pterional Approach?	Surgical Approaches Overview	rhoton::approach rhoton::surgical-technique rhoton::anterior-circulation
What structures does the Pterional Approach provide access to?	Sylvian Fissure, Anterior Circulation, Cavernous Sinus	rhoton::approach rhoton::surgical-technique rhoton::anterior-circulation
What is the Transsphenoidal Approach?	Endonasal corridor to sellar region	rhoton::approach rhoton::surgical-technique rhoton::skull-base
What anatomical region contains the Transsphenoidal Approach?	Surgical Approaches Overview	rhoton::approach rhoton::surgical-technique rhoton::skull-base
What structures does the Transsphenoidal Approach provide access to?	Sellar Region, Pituitary Gland	rhoton::approach rhoton::surgical-technique rhoton::skull-base
What is the Combined Petrosal Approach?	Kawase + posterior petrosectomy, full petroclival exposure	rhoton::approach rhoton::surgical-technique rhoton::skull-base
What anatomical region contains the Combined Petrosal Approach?	Surgical Approaches Overview	rhoton::approach rhoton::surgical-technique rhoton::skull-base
What structures does the Combined Petrosal Approach provide access to?	Clivus, Petrous Apex	rhoton::approach rhoton::surgical-technique rhoton::skull-base
What is the Interhemispheric Approach?	Midline corridor, ACoA/ACA, transcallosal	rhoton::approach rhoton::surgical-technique rhoton::anterior-circulation
What anatomical region contains the Interhemispheric Approach?	Surgical Approaches Overview	rhoton::approach rhoton::surgical-technique rhoton::anterior-circulation
What structures does the Interhemispheric Approach provide access to?	Anterior Cerebral Artery, Corpus Callosum, Lateral And Third Ventricles	rhoton::approach rhoton::surgical-technique rhoton::anterior-circulation
What is the Telovelar Approach?	Fourth ventricle via cerebellomedullary fissure	rhoton::approach rhoton::surgical-technique rhoton::posterior-fossa
What anatomical region contains the Telovelar Approach?	Surgical Approaches Overview	rhoton::approach rhoton::surgical-technique rhoton::posterior-fossa
What structures does the Telovelar Approach provide access to?	Fourth Ventricle, Cerebellomedullary Fissure	rhoton::approach rhoton::surgical-technique rhoton::posterior-fossa
What is the Orbitozygomatic Approach?	Extended pterional, low-angle basilar access	rhoton::approach rhoton::surgical-technique rhoton::skull-base
What anatomical region contains the Orbitozygomatic Approach?	Surgical Approaches Overview	rhoton::approach rhoton::surgical-technique rhoton::skull-base
What structures does the Orbitozygomatic Approach provide access to?	Basilar Artery, Interpeduncular Cistern	rhoton::approach rhoton::surgical-technique rhoton::skull-base
What is the Posterior Petrosectomy?	Retrolabyrinthine, translabyrinthine, transcochlear, combined petrosal	rhoton::approach rhoton::surgical-technique rhoton::skull-base
What anatomical region contains the Posterior Petrosectomy?	Surgical Approaches Overview	rhoton::approach rhoton::surgical-technique rhoton::skull-base
What structures does the Posterior Petrosectomy provide access to?	Temporal Bone, Cerebellopontine Cistern	rhoton::approach rhoton::surgical-technique rhoton::skull-base
What is the Anterior Petrosectomy (Kawase Approach)?	Kawase triangle, lateral clivus exposure	rhoton::approach rhoton::surgical-technique rhoton::skull-base
What anatomical region contains the Anterior Petrosectomy (Kawase Approach)?	Surgical Approaches Overview	rhoton::approach rhoton::surgical-technique rhoton::skull-base
What structures does the Anterior Petrosectomy (Kawase Approach) provide access to?	Petrous Apex, Clivus	rhoton::approach rhoton::surgical-technique rhoton::skull-base
What is the Subtemporal Approach?	Middle incisural space, basilar apex, tentorial division	rhoton::approach rhoton::surgical-technique rhoton::tentorial-incisura
What anatomical region contains the Subtemporal Approach?	Surgical Approaches Overview	rhoton::approach rhoton::surgical-technique rhoton::tentorial-incisura
What structures does the Subtemporal Approach provide access to?	Ambient Cistern, Tentorial Incisura	rhoton::approach rhoton::surgical-technique rhoton::tentorial-incisura
What is the Endoscopic Endonasal Approach?	Expanded endonasal, modular skull base corridors	rhoton::approach rhoton::surgical-technique rhoton::skull-base
What anatomical region contains the Endoscopic Endonasal Approach?	Surgical Approaches Overview	rhoton::approach rhoton::surgical-technique rhoton::skull-base
What structures does the Endoscopic Endonasal Approach provide access to?	Sellar Region, Clivus, Paranasal Sinuses	rhoton::approach rhoton::surgical-technique rhoton::skull-base
What is the Posterior Circulation?	Vertebrobasilar hierarchy, perforators, territories	rhoton::anatomy rhoton::vasculature rhoton::posterior-circulation
What is the Perforating Arteries?	Complete perforator map, surgical rules	rhoton::anatomy rhoton::vasculature rhoton::perforators
What is the Deep Venous System?	ICV/basal/galenic architecture, surgical obstacle map	rhoton::anatomy rhoton::venous-system rhoton::synthesis
What is the Cistern-Approach Map?	Complete cistern-to-corridor mapping, master matrix	rhoton::synthesis rhoton::cisterns rhoton::surgical-approaches
What is the Surgical Approaches Overview?	Approach-target matrix, selection principles	rhoton::approach rhoton::surgical-technique rhoton::synthesis
What is the Cranial Nerves Overview?	CN I-XII map, cisternal course, compression syndromes	rhoton::anatomy rhoton::cranial-nerves rhoton::synthesis
What is the Sylvian Fissure?	Most important surgical corridor, MCA and venous contents	rhoton::anatomy rhoton::surgical-corridor rhoton::cerebral-hemispheres
Surgical significance of the Sylvian Fissure?	The transsylvian approach is one of the most versatile corridors in neurosurgery. Structures accessible via the sylvian fissure include:	rhoton::anatomy rhoton::surgical-corridor rhoton::cerebral-hemispheres
What is the Microsurgical Anatomy Principles?	Rhoton's 6 axioms, cistern corridors, perforator rules	rhoton::synthesis rhoton::surgical-principles rhoton::cisterns
What is the Aneurysm Surgery?	Site-approach-perforator map, CN relationships, clipping	rhoton::synthesis rhoton::surgical-technique rhoton::vasculature
What is the Neurovascular Compression Syndromes?	MVD anatomy, REZ zones, offending vessels	rhoton::synthesis rhoton::cranial-nerves rhoton::microvascular-decompression
What is the Skull Base Foramina?	Complete foraminal map by fossa	rhoton::anatomy rhoton::skull-base rhoton::cranial-base
What is the Herniation Syndromes?	Uncal, central, tonsillar, subfalcine, ascending	rhoton::anatomy rhoton::clinical rhoton::tentorial-incisura
What is the Anterior Circulation?	ICA-MCA-ACA hierarchy, perforators, lenticulostriates	rhoton::anatomy rhoton::vasculature rhoton::anterior-circulation
What is the Cerebral Lobes?	Frontal/temporal/parietal/occipital, functional-vascular correlation	rhoton::anatomy rhoton::cerebrum rhoton::synthesis
What is the Cavernous Sinus Triangles?	7 surgical windows, Parkinson/Kawase/Glasscock	rhoton::anatomy rhoton::skull-base rhoton::surgical-technique
What is the Circle of Willis?	Cerebral arterial circle, variants, aneurysm sites	rhoton::anatomy rhoton::vasculature rhoton::anterior-circulation
What is the Craniocervical Junction?	CVJ osseous/ligamentous framework, approach selection	rhoton::anatomy rhoton::synthesis rhoton::skull-base
What is the Cavernous Sinus Contents?	Lateral wall nerve order, surgical triangles	rhoton::anatomy rhoton::skull-base rhoton::cranial-nerves
What is the Meckel's Cave?	Trigeminal ganglion housing, paraclival triangles	rhoton::anatomy rhoton::skull-base rhoton::cranial-nerves
What anatomical region contains the Meckel's Cave?	Cranial Base	rhoton::anatomy rhoton::skull-base rhoton::cranial-nerves
Surgical significance of the Meckel's Cave?	- **Percutaneous procedures** — balloon compression, radiofrequency rhizotomy, and glycerol injection access the ganglion in Meckel's cave through the foramen ovale	rhoton::anatomy rhoton::skull-base rhoton::cranial-nerves
What is the Sellar Region?	Pituitary fossa, transsphenoidal and transcranial approaches	rhoton::anatomy rhoton::skull-base rhoton::pituitary
What anatomical region contains the Sellar Region?	Cranial Base	rhoton::anatomy rhoton::skull-base rhoton::pituitary
What is the Optic Canal?	Optic strut, sphenoid sinus relation, nerve decompression	rhoton::anatomy rhoton::skull-base rhoton::surgical-landmark
What anatomical region contains the Optic Canal?	Sphenoid Bone	rhoton::anatomy rhoton::skull-base rhoton::surgical-landmark
Surgical significance of the Optic Canal?	Unroofing the optic canal by drilling the superior wall is performed for:	rhoton::anatomy rhoton::skull-base rhoton::surgical-landmark
What is the Anterior and Middle Cranial Base?	Anterior and middle cranial fossae, foramina	rhoton::anatomy rhoton::skull-base rhoton::rhoton
Surgical significance of the Anterior and Middle Cranial Base?	- Anterior skull base approaches for olfactory groove and planum meningiomas, esthesioneuroblastomas	rhoton::anatomy rhoton::skull-base rhoton::rhoton
What is the Ambient Cistern?	Perimesencephalic corridor, PCA/basal vein, middle incisural space	rhoton::cistern rhoton::tentorial-incisura rhoton::posterior-cerebral-artery
What anatomical region contains the Ambient Cistern?	Basal Cisterns	rhoton::cistern rhoton::tentorial-incisura rhoton::posterior-cerebral-artery
Surgical significance of the Ambient Cistern?	- The [[subtemporal-approach]] provides direct access to the ambient cistern by elevating the temporal lobe	rhoton::cistern rhoton::tentorial-incisura rhoton::posterior-cerebral-artery
What is the Thalamus?	Central relay, thalamoperforating supply, choroidal fissure	rhoton::anatomy rhoton::deep-structures rhoton::diencephalon
What anatomical region contains the Thalamus?	Cerebrum	rhoton::anatomy rhoton::deep-structures rhoton::diencephalon
Surgical significance of the Thalamus?	Intrinsic thalamic gliomas are among the most challenging surgical targets. Approaches include:	rhoton::anatomy rhoton::deep-structures rhoton::diencephalon
What is the Paraclinoid Internal Carotid Artery?	Dural rings, clinoid space, carotid cave aneurysms, clinoidectomy	rhoton::internal-carotid-artery rhoton::anterior-clinoid rhoton::dural-rings
What anatomical region contains the Paraclinoid Internal Carotid Artery?	Internal Carotid Artery	rhoton::internal-carotid-artery rhoton::anterior-clinoid rhoton::dural-rings
Surgical significance of the Paraclinoid Internal Carotid Artery?	- Required for exposure of the clinoid segment and paraclinoid aneurysms	rhoton::internal-carotid-artery rhoton::anterior-clinoid rhoton::dural-rings
What is the Pineal Region?	Quadrigeminal cistern, deep venous confluence, pineal tumors	rhoton::anatomy rhoton::deep-structures rhoton::surgical-target
What is the Falx Cerebri?	Dural fold, sagittal sinuses, subfalcine herniation	rhoton::anatomy rhoton::dura rhoton::surgical-landmark
Surgical significance of the Falx Cerebri?	The falx is the medial boundary during interhemispheric approaches. The surgeon works lateral to the falx in the longitudinal fissure. Key considerations:	rhoton::anatomy rhoton::dura rhoton::surgical-landmark
What is the White Matter Tracts?	Association, commissural, projection fibers, fiber dissection	rhoton::anatomy rhoton::cerebrum rhoton::white-matter
Surgical significance of the White Matter Tracts?	Subcortical stimulation during awake craniotomy identifies the corticospinal tract (motor response), arcuate fasciculus (language arrest), IFOF (semantic paraphasias), and optic radiation (phosphenes).	rhoton::anatomy rhoton::cerebrum rhoton::white-matter
What is the Choroid Plexus?	CSF production, choroidal fissure, dual arterial supply	rhoton::anatomy rhoton::ventricles rhoton::deep-structures
What anatomical region contains the Choroid Plexus?	Lateral And Third Ventricles	rhoton::anatomy rhoton::ventricles rhoton::deep-structures
Surgical significance of the Choroid Plexus?	- **Choroid plexus papillomas** — benign, CSF-overproducing tumors; most common in the atrium (glomus) in children and the [[fourth-ventricle]] in adults	rhoton::anatomy rhoton::ventricles rhoton::deep-structures
What is the Internal Auditory Canal?	Bill's bar, fundus quadrants, schwannoma staging	rhoton::anatomy rhoton::skull-base rhoton::temporal-bone
What anatomical region contains the Internal Auditory Canal?	Temporal Bone	rhoton::anatomy rhoton::skull-base rhoton::temporal-bone
What is the Jugular Foramen?	Pars nervosa/vascularis, CN IX-XI transit, glomus tumors	rhoton::anatomy rhoton::skull-base rhoton::posterior-fossa
What anatomical region contains the Jugular Foramen?	Cranial Base	rhoton::anatomy rhoton::skull-base rhoton::posterior-fossa
What is the Velum Interpositum?	Tela choroidea cistern, ICV corridor, pineal access	rhoton::cistern rhoton::third-ventricle rhoton::deep-venous-system
What anatomical region contains the Velum Interpositum?	Lateral And Third Ventricles	rhoton::cistern rhoton::third-ventricle rhoton::deep-venous-system
Surgical significance of the Velum Interpositum?	- Via [[interhemispheric-approach]] → callosotomy → open the velum interpositum from above	rhoton::cistern rhoton::third-ventricle rhoton::deep-venous-system
What is the Anterior Clinoid Process?	Clinoidectomy, dural rings, optic strut, paraclinoid ICA	rhoton::anatomy rhoton::skull-base rhoton::surgical-landmark
What anatomical region contains the Anterior Clinoid Process?	Sphenoid Bone	rhoton::anatomy rhoton::skull-base rhoton::surgical-landmark
What is the Posterior Fossa Veins?	Superior, anterior, and posterior drainage groups	rhoton::anatomy rhoton::vasculature rhoton::venous-system
What anatomical region contains the Posterior Fossa Veins?	Posterior Fossa	rhoton::anatomy rhoton::vasculature rhoton::venous-system
Surgical significance of the Posterior Fossa Veins?	- The **[[superior-petrosal-vein]]** (vein of Dandy) is the most important surgical landmark — it crosses the operative corridor in retrosigmoid approaches and may need to be divided for access to CN V	rhoton::anatomy rhoton::vasculature rhoton::venous-system
What is the Lamina Terminalis?	Third ventricle anterior wall, ACoA landmark, CSF drainage	rhoton::anatomy rhoton::deep-structures rhoton::surgical-landmark
Surgical significance of the Lamina Terminalis?	Opening the lamina terminalis is a standard neurosurgical maneuver for:	rhoton::anatomy rhoton::deep-structures rhoton::surgical-landmark
What is the Lateral and Third Ventricles?	Ventricular anatomy, choroidal fissure, surgical approaches	rhoton::anatomy rhoton::ventricles rhoton::deep-structures
What is the Cerebrum?	Hemispheric organization, deep landmarks, surgical corridors	rhoton::anatomy rhoton::cerebral-hemispheres rhoton::cortex
What is the Cerebellopontine Cistern?	CP angle anatomy, CN V-VIII, AICA	rhoton::anatomy rhoton::cisterns rhoton::posterior-fossa
What anatomical region contains the Cerebellopontine Cistern?	Posterior Fossa	rhoton::anatomy rhoton::cisterns rhoton::posterior-fossa
What is the Suboccipital Triangle?	V3 vertebral artery landmark, far-lateral roadmap	rhoton::anatomy rhoton::posterior-fossa rhoton::foramen-magnum
What anatomical region contains the Suboccipital Triangle?	Craniocervical Junction	rhoton::anatomy rhoton::posterior-fossa rhoton::foramen-magnum
Surgical significance of the Suboccipital Triangle?	The suboccipital triangle is the surgical roadmap:	rhoton::anatomy rhoton::posterior-fossa rhoton::foramen-magnum
What is the Basal Ganglia and Internal Capsule?	Lenticulostriate territory, internal capsule, DBS targets	rhoton::anatomy rhoton::cerebrum rhoton::deep-structures
What anatomical region contains the Basal Ganglia and Internal Capsule?	Cerebrum	rhoton::anatomy rhoton::cerebrum rhoton::deep-structures
Surgical significance of the Basal Ganglia and Internal Capsule?	Basal ganglia (putaminal) hemorrhage is the most common hypertensive intracerebral hemorrhage. Blood dissects through the lentiform nucleus and internal capsule. Surgical evacuation via transsylvian ([[pterional-approach]]) or transcortical approaches.	rhoton::anatomy rhoton::cerebrum rhoton::deep-structures
What is the Brainstem?	Midbrain, pons, medulla; neurovascular complexes, safe entry zones	rhoton::anatomy rhoton::brainstem rhoton::posterior-fossa
What anatomical region contains the Brainstem?	Posterior Fossa	rhoton::anatomy rhoton::brainstem rhoton::posterior-fossa
Surgical significance of the Brainstem?	The brainstem has recognized "safe entry zones" where surgical access causes minimal damage:	rhoton::anatomy rhoton::brainstem rhoton::posterior-fossa
What is the Fornix?	Hippocampal efferent arc, foramen of Monro landmark, memory circuit	rhoton::white-matter rhoton::limbic-system rhoton::lateral-ventricle
What anatomical region contains the Fornix?	Cerebrum	rhoton::white-matter rhoton::limbic-system rhoton::lateral-ventricle
Surgical significance of the Fornix?	- Access to the [[lateral-and-third-ventricles|third ventricle]] via the choroidal fissure between the fornix and [[thalamus]]	rhoton::white-matter rhoton::limbic-system rhoton::lateral-ventricle
What is the Infratemporal Fossa?	V3 territory, maxillary artery, pterygoid plexus	rhoton::anatomy rhoton::skull-base rhoton::cranial-base
What anatomical region contains the Infratemporal Fossa?	Cranial Base	rhoton::anatomy rhoton::skull-base rhoton::cranial-base
Surgical significance of the Infratemporal Fossa?	Provides lateral access to the middle and posterior cranial fossae, [[cavernous-sinus]], petrous [[internal-carotid-artery|ICA]], and [[jugular-foramen]]. The zygomatic arch is removed and the mandibular condyle reflected to expose the fossa contents.	rhoton::anatomy rhoton::skull-base rhoton::cranial-base
What is the Cerebral Veins?	Superficial and deep venous drainage systems	rhoton::anatomy rhoton::vasculature rhoton::venous-system
What is the Tentorial Incisura?	Incisural spaces, transtentorial herniation	rhoton::anatomy rhoton::skull-base rhoton::cisterns
Surgical significance of the Tentorial Incisura?	The incisural spaces provide natural corridors for surgical approaches:	rhoton::anatomy rhoton::skull-base rhoton::cisterns
What is the Dural Venous Sinuses?	Sagittal, transverse, sigmoid, petrosal, confluence	rhoton::anatomy rhoton::venous-system rhoton::skull-base
Surgical significance of the Dural Venous Sinuses?	Sinus patency must be assessed preoperatively (MRV, CT venography) before planning division. Sacrifice of a dominant sinus causes venous hypertension, edema, and potential hemorrhagic infarction.	rhoton::anatomy rhoton::venous-system rhoton::skull-base
What is the Tentorium Cerebelli?	Dural fold, tentorial division, sinuses, herniation site	rhoton::anatomy rhoton::dura rhoton::skull-base
What is the Orbit?	Osseous walls, annular tendon, optic canal	rhoton::anatomy rhoton::skull-base rhoton::cranial-nerves
What anatomical region contains the Orbit?	Cranial Base	rhoton::anatomy rhoton::skull-base rhoton::cranial-nerves
What is the Choroidal Fissure?	Fornix-thalamus cleft, transchoroidal corridor, AChA entry point	rhoton::lateral-ventricle rhoton::surgical-corridor rhoton::choroid-plexus
What anatomical region contains the Choroidal Fissure?	Lateral And Third Ventricles	rhoton::lateral-ventricle rhoton::surgical-corridor rhoton::choroid-plexus
Surgical significance of the Choroidal Fissure?	- **The single most important natural corridor to the third ventricle**	rhoton::lateral-ventricle rhoton::surgical-corridor rhoton::choroid-plexus
What is the Clivus?	Central skull base axis, petroclival region, chordomas	rhoton::anatomy rhoton::skull-base rhoton::posterior-fossa
What anatomical region contains the Clivus?	Cranial Base	rhoton::anatomy rhoton::skull-base rhoton::posterior-fossa
What is the Corpus Callosum?	Commissural fibers, pericallosal artery, transcallosal access	rhoton::anatomy rhoton::cerebrum rhoton::white-matter
What anatomical region contains the Corpus Callosum?	Cerebrum	rhoton::anatomy rhoton::cerebrum rhoton::white-matter
Surgical significance of the Corpus Callosum?	The body of the corpus callosum is divided (callosotomy, typically 2–2.5 cm) to access the [[lateral-and-third-ventricles|lateral ventricle]] body and the foramen of Monro. Through the ventricle, the third ventricle is reached via transchoroidal or interforniceal routes. Excessive callosotomy causes	rhoton::anatomy rhoton::cerebrum rhoton::white-matter
What is the Sphenoid Bone?	Sella turcica, wings, foramina, sphenoid sinus	rhoton::anatomy rhoton::skull-base rhoton::cranial-base
What anatomical region contains the Sphenoid Bone?	Cranial Base	rhoton::anatomy rhoton::skull-base rhoton::cranial-base
Surgical significance of the Sphenoid Bone?	The sphenoid sinus is the primary corridor. Landmarks: sphenoid ostia → sinus cavity → sellar floor → [[pituitary-gland]]. The carotid and optic prominences define the safe limits of bone removal.	rhoton::anatomy rhoton::skull-base rhoton::cranial-base
What is the Optic Radiation?	Meyer's loop, geniculocalcarine tract, visual field mapping	rhoton::visual-pathway rhoton::white-matter rhoton::temporal-lobe
What anatomical region contains the Optic Radiation?	Cerebrum	rhoton::visual-pathway rhoton::white-matter rhoton::temporal-lobe
Surgical significance of the Optic Radiation?	- **Anterior temporal lobectomy** — resection posterior to 4.5 cm from temporal pole (dominant) or 5.5 cm (non-dominant) minimizes Meyer's loop injury	rhoton::visual-pathway rhoton::white-matter rhoton::temporal-lobe
What is the Liliequist Membrane?	Arachnoid barrier, cisternal compartments, basilar apex	rhoton::anatomy rhoton::deep-structures rhoton::surgical-landmark
Surgical significance of the Liliequist Membrane?	During [[pterional-approach]] or [[orbitozygomatic-approach]] for basilar apex aneurysms:	rhoton::anatomy rhoton::deep-structures rhoton::surgical-landmark
What is the Meninges?	Dura folds, Liliequist membrane, arachnoid cistern boundaries	rhoton::anatomy rhoton::meninges rhoton::dura-mater
Surgical significance of the Meninges?	The dura is opened in every craniotomy as the first step to accessing the brain. Dural opening technique (C-shaped, cruciate, or linear) depends on the approach. The dura is reapproximated (primary closure or graft) to prevent CSF leak.	rhoton::anatomy rhoton::meninges rhoton::dura-mater
What is the Foramen Magnum?	Craniocervical junction, occipital bone, CVJ ligaments	rhoton::anatomy rhoton::skull-base rhoton::craniocervical-junction
What anatomical region contains the Foramen Magnum?	Cranial Base	rhoton::anatomy rhoton::skull-base rhoton::craniocervical-junction
What is the Uncus?	Mesial temporal hook, uncal herniation, amygdala/hippocampal head	rhoton::mesial-temporal rhoton::tentorial-incisura rhoton::herniation
What anatomical region contains the Uncus?	Cerebrum	rhoton::mesial-temporal rhoton::tentorial-incisura rhoton::herniation
Surgical significance of the Uncus?	- The uncus is resected in selective amygdalohippocampectomy for mesial temporal epilepsy	rhoton::mesial-temporal rhoton::tentorial-incisura rhoton::herniation
What is the Cerebellar Peduncles?	Three fiber bundles, safe entry zones, fourth ventricle walls	rhoton::anatomy rhoton::posterior-fossa rhoton::deep-structures
What anatomical region contains the Cerebellar Peduncles?	Cerebellum	rhoton::anatomy rhoton::posterior-fossa rhoton::deep-structures
Surgical significance of the Cerebellar Peduncles?	The peduncles define several safe entry zones into the [[brainstem]]:	rhoton::anatomy rhoton::posterior-fossa rhoton::deep-structures
What is the Anterior Perforated Substance?	Lenticulostriate exit zone, aneurysm landmark	rhoton::anatomy rhoton::cerebrum rhoton::deep-structures
Surgical significance of the Anterior Perforated Substance?	The MCA bifurcation sits at or near the lateral edge of the APS (limen insulae). [[lenticulostriate-arteries]] arise from M1 and pass superiorly through the APS. During clip placement:	rhoton::anatomy rhoton::cerebrum rhoton::deep-structures
What is the Cerebellomedullary Fissure?	Telovelar gateway, PICA guide, fourth ventricle access	rhoton::anatomy rhoton::posterior-fossa rhoton::surgical-landmark
What anatomical region contains the Cerebellomedullary Fissure?	Posterior Fossa	rhoton::anatomy rhoton::posterior-fossa rhoton::surgical-landmark
What is the Petrous Apex?	Kawase triangle, petroclival junction, Gradenigo syndrome	rhoton::anatomy rhoton::skull-base rhoton::temporal-bone
What anatomical region contains the Petrous Apex?	Temporal Bone	rhoton::anatomy rhoton::skull-base rhoton::temporal-bone
What is the Hippocampus?	Medial temporal lobe, choroidal fissure, epilepsy surgery	rhoton::anatomy rhoton::cerebrum rhoton::deep-structures
What anatomical region contains the Hippocampus?	Cerebrum	rhoton::anatomy rhoton::cerebrum rhoton::deep-structures
Surgical significance of the Hippocampus?	The standard surgical procedure for mesial temporal lobe epilepsy (TLE). The hippocampal head and amygdala are resected through:	rhoton::anatomy rhoton::cerebrum rhoton::deep-structures
What is the Insula?	Deep cortex, MCA territory, lenticulostriate perforators	rhoton::anatomy rhoton::cerebrum rhoton::deep-structures
What anatomical region contains the Insula?	Cerebrum	rhoton::anatomy rhoton::cerebrum rhoton::deep-structures
Surgical significance of the Insula?	The insula is exposed by splitting the [[sylvian-fissure]] and retracting the opercula. The M2 branches coursing on the insular surface are the first arteries encountered. The arachnoid of the sylvian cistern must be carefully opened to avoid avulsing [[bridging-veins]].	rhoton::anatomy rhoton::cerebrum rhoton::deep-structures
What is the Cerebellum?	Three surfaces, fissures, peduncles, neurovascular complexes	rhoton::anatomy rhoton::posterior-fossa rhoton::cerebellum
What anatomical region contains the Cerebellum?	Posterior Fossa	rhoton::anatomy rhoton::posterior-fossa rhoton::cerebellum
Surgical significance of the Cerebellum?	Opens the cerebellomedullary fissure between the tonsil and the inferior medullary velum/tela choroidea. Follows the [[pica|PICA]] to access the fourth ventricle floor without vermian splitting. Used for fourth ventricle tumors (ependymomas, medulloblastomas).	rhoton::anatomy rhoton::posterior-fossa rhoton::cerebellum
What is the Interpeduncular Cistern?	Basilar apex hub, CN III origin, thalamoperforating territory	rhoton::cistern rhoton::basilar-apex rhoton::oculomotor-nerve
What anatomical region contains the Interpeduncular Cistern?	Basal Cisterns	rhoton::cistern rhoton::basilar-apex rhoton::oculomotor-nerve
Surgical significance of the Interpeduncular Cistern?	- The most challenging aneurysm location in neurosurgery	rhoton::cistern rhoton::basilar-apex rhoton::oculomotor-nerve
What is the Internal Capsule?	Projection fiber lamina, lenticulostriate territory, AChA syndrome	rhoton::white-matter rhoton::basal-ganglia rhoton::motor-pathway
What anatomical region contains the Internal Capsule?	Cerebrum	rhoton::white-matter rhoton::basal-ganglia rhoton::motor-pathway
Surgical significance of the Internal Capsule?	- The most common site of hypertensive intracerebral hemorrhage is the [[basal-ganglia|putamen]], with hematoma extending into and destroying the internal capsule	rhoton::white-matter rhoton::basal-ganglia rhoton::motor-pathway
What is the Basal Cisterns?	12 named cisterns, surgical access routes	rhoton::anatomy rhoton::cisterns rhoton::subarachnoid-space
Surgical significance of the Basal Cisterns?	The cisterns are accessed through standard neurosurgical approaches:	rhoton::anatomy rhoton::cisterns rhoton::subarachnoid-space
What is the Cerebral Aqueduct?	Midbrain channel, aqueductal stenosis, tectal plate	rhoton::anatomy rhoton::deep-structures rhoton::ventricular-system
What is the Fourth Ventricle?	Rhomboid fossa, choroid plexus, telovelar approach	rhoton::anatomy rhoton::posterior-fossa rhoton::ventricles
What anatomical region contains the Fourth Ventricle?	Posterior Fossa	rhoton::anatomy rhoton::posterior-fossa rhoton::ventricles
What is the Pterygopalatine Fossa?	V2/maxillary artery hub, 8 communications	rhoton::anatomy rhoton::skull-base rhoton::cranial-base
What anatomical region contains the Pterygopalatine Fossa?	Cranial Base	rhoton::anatomy rhoton::skull-base rhoton::cranial-base
Surgical significance of the Pterygopalatine Fossa?	The PPF is accessed endoscopically through the sphenopalatine foramen (transpterygoid approach) or by removing the posterior maxillary wall. This corridor provides:	rhoton::anatomy rhoton::skull-base rhoton::cranial-base
What is the Posterior Cranial Fossa?	Cerebellum, brainstem, fourth ventricle, cerebellar arteries	rhoton::anatomy rhoton::skull-base rhoton::posterior-fossa
What is the Hypothalamus?	Third ventricle floor, perforator supply, craniopharyngioma	rhoton::anatomy rhoton::deep-structures rhoton::rhoton
What anatomical region contains the Hypothalamus?	Cerebrum	rhoton::anatomy rhoton::deep-structures rhoton::rhoton
Surgical significance of the Hypothalamus?	Craniopharyngiomas arise from Rathke's pouch remnants at the infundibulum/tuber cinereum. They are the most common tumors directly involving the hypothalamus. Surgery risks:	rhoton::anatomy rhoton::deep-structures rhoton::rhoton
What is the Temporal Bone?	Petrous pyramid, IAC, mastoid, jugular foramen	rhoton::anatomy rhoton::skull-base rhoton::cranial-base
What anatomical region contains the Temporal Bone?	Cranial Base	rhoton::anatomy rhoton::skull-base rhoton::cranial-base
What is the Paranasal Sinuses?	Sphenoid sinus landmarks, endonasal corridor	rhoton::anatomy rhoton::skull-base rhoton::sellar-region
What anatomical region contains the Paranasal Sinuses?	Cranial Base	rhoton::anatomy rhoton::skull-base rhoton::sellar-region
Surgical significance of the Paranasal Sinuses?	The nasal cavity → sphenoid sinus → sellar floor corridor is the standard route to the [[pituitary-gland]]. The sphenoid ostia are widened, the intersinus septum removed, and the sellar floor opened. The carotid and optic prominences define the lateral safe limits.	rhoton::anatomy rhoton::skull-base rhoton::sellar-region
What is the Cavernous Sinus?	Dural envelope with ICA and cranial nerves III-VI	rhoton::anatomy rhoton::venous-system rhoton::skull-base
What anatomical region contains the Cavernous Sinus?	Skull Base Foramina	rhoton::anatomy rhoton::venous-system rhoton::skull-base
Surgical significance of the Cavernous Sinus?	- Tumors (meningiomas, pituitary adenomas, schwannomas) may invade or compress the sinus	rhoton::anatomy rhoton::venous-system rhoton::skull-base
What is the Recurrent Artery of Heubner?	Largest ACA perforator, ACoA surgery risk	rhoton::anatomy rhoton::vasculature rhoton::anterior-circulation
What anatomical region contains the Recurrent Artery of Heubner?	Anterior Cerebral Artery	rhoton::anatomy rhoton::vasculature rhoton::anterior-circulation
Surgical significance of the Recurrent Artery of Heubner?	The Heubner artery is the perforator most frequently injured in ACoA aneurysm clipping:	rhoton::anatomy rhoton::vasculature rhoton::anterior-circulation
What is the Middle Meningeal Artery?	Foramen spinosum, epidural hematoma, dural supply	rhoton::anatomy rhoton::vasculature rhoton::skull-base
What anatomical region contains the Middle Meningeal Artery?	Maxillary Artery	rhoton::anatomy rhoton::vasculature rhoton::skull-base
Surgical significance of the Middle Meningeal Artery?	Rupture of the MMA (usually the anterior branch) from a temporal bone fracture at the pterion is the classic cause of epidural hematoma. The lucid interval (temporary improvement before deterioration) occurs as the arterial hemorrhage progressively compresses the [[cerebral-lobes|temporal lobe]] → u	rhoton::anatomy rhoton::vasculature rhoton::skull-base
What is the Anterior Spinal Artery?	VA branch, anterior cord supply, spinal artery syndrome	rhoton::anatomy rhoton::vasculature rhoton::posterior-circulation
What anatomical region contains the Anterior Spinal Artery?	Vertebral Artery	rhoton::anatomy rhoton::vasculature rhoton::posterior-circulation
Surgical significance of the Anterior Spinal Artery?	The ASA is visible on the anterior surface of the medulla after opening the dura at the [[foramen-magnum]]. It marks the midline and must be preserved during dissection of ventral foramen magnum lesions.	rhoton::anatomy rhoton::vasculature rhoton::posterior-circulation
What is the Abducens Nerve?	CN VI, longest subarachnoid course, Dorello's canal	rhoton::anatomy rhoton::cranial-nerves rhoton::cavernous-sinus
What anatomical region contains the Abducens Nerve?	Cranial Nerves Overview	rhoton::anatomy rhoton::cranial-nerves rhoton::cavernous-sinus
Surgical significance of the Abducens Nerve?	CN VI is the most vulnerable nerve in cavernous sinus approaches. Its free intracavernous position (not protected by the lateral wall) means it is encountered early when opening the sinus medially.	rhoton::anatomy rhoton::cranial-nerves rhoton::cavernous-sinus
What is the Superior Petrosal Vein?	Vein of Dandy, retrosigmoid obstacle, petrosal drainage	rhoton::anatomy rhoton::venous-system rhoton::posterior-fossa
What anatomical region contains the Superior Petrosal Vein?	Posterior Fossa Veins	rhoton::anatomy rhoton::venous-system rhoton::posterior-fossa
Surgical significance of the Superior Petrosal Vein?	The superior petrosal vein crosses the surgical corridor between the [[cerebellum]] and the [[trigeminal-nerve|CN V]] root. During microvascular decompression for trigeminal neuralgia:	rhoton::anatomy rhoton::venous-system rhoton::posterior-fossa
What is the Anterior Cerebral Artery?	A1-A5 segments, ACoA complex, recurrent artery of Heubner	rhoton::anatomy rhoton::vasculature rhoton::anterior-circulation
What anatomical region contains the Anterior Cerebral Artery?	Anterior Circulation	rhoton::anatomy rhoton::vasculature rhoton::anterior-circulation
What is the Transverse Sinus?	Torcular-sigmoid conduit, Labbé drainage, craniotomy boundary	rhoton::venous rhoton::dural-sinus rhoton::posterior-fossa
What anatomical region contains the Transverse Sinus?	Dural Venous Sinuses	rhoton::venous rhoton::dural-sinus rhoton::posterior-fossa
Surgical significance of the Transverse Sinus?	- The transverse sinus defines the **inferior limit** of occipital and parietal craniotomies	rhoton::venous rhoton::dural-sinus rhoton::posterior-fossa
What is the Thalamoperforating Arteries?	P1 perforators, Percheron variant, basilar apex risk	rhoton::anatomy rhoton::vasculature rhoton::posterior-circulation
What anatomical region contains the Thalamoperforating Arteries?	Posterior Cerebral Artery	rhoton::anatomy rhoton::vasculature rhoton::posterior-circulation
What is the Superior Cerebellar Artery?	Upper neurovascular complex, CN V relation	rhoton::anatomy rhoton::vasculature rhoton::posterior-circulation
What anatomical region contains the Superior Cerebellar Artery?	Posterior Circulation	rhoton::anatomy rhoton::vasculature rhoton::posterior-circulation
What is the Superior Hypophyseal Artery?	Pituitary portal supply, chiasm perforators	rhoton::anatomy rhoton::vasculature rhoton::anterior-circulation
What anatomical region contains the Superior Hypophyseal Artery?	Internal Carotid Artery	rhoton::anatomy rhoton::vasculature rhoton::anterior-circulation
What is the Ethmoidal Arteries?	AEA/PEA, cribriform landmarks, anterior skull base supply	rhoton::anatomy rhoton::vasculature rhoton::anterior-fossa
What anatomical region contains the Ethmoidal Arteries?	Ophthalmic Artery	rhoton::anatomy rhoton::vasculature rhoton::anterior-fossa
Surgical significance of the Ethmoidal Arteries?	The ethmoidal arteries must be identified and controlled during:	rhoton::anatomy rhoton::vasculature rhoton::anterior-fossa
What is the Anterior Choroidal Artery?	Cisternal course, choroidal fissure entry, supply territory	rhoton::anatomy rhoton::vasculature rhoton::anterior-circulation
What anatomical region contains the Anterior Choroidal Artery?	Anterior Circulation	rhoton::anatomy rhoton::vasculature rhoton::anterior-circulation
What is the Occipital Artery?	ECA branch, far-lateral landmark, EC-IC bypass donor	rhoton::anatomy rhoton::vasculature rhoton::external-carotid
What anatomical region contains the Occipital Artery?	Posterior Circulation	rhoton::anatomy rhoton::vasculature rhoton::external-carotid
Surgical significance of the Occipital Artery?	The occipital artery is encountered early during the [[far-lateral-approach]] as the superficial and deep muscular layers are dissected. It is exposed passing behind the superior oblique and semispinalis capitis. The artery must be identified and preserved or controlled during the suboccipital muscl	rhoton::anatomy rhoton::vasculature rhoton::external-carotid
What is the Sigmoid Sinus?	S-shaped course, asterion landmark, craniotomy boundary	rhoton::anatomy rhoton::venous-system rhoton::posterior-fossa
What anatomical region contains the Sigmoid Sinus?	Dural Venous Sinuses	rhoton::anatomy rhoton::venous-system rhoton::posterior-fossa
Surgical significance of the Sigmoid Sinus?	The sigmoid sinus is the **anterior boundary** of the retrosigmoid craniotomy. The bone flap is placed just posterior to the sigmoid sinus, and the dura is opened behind it to access the [[cerebellopontine-cistern]].	rhoton::anatomy rhoton::venous-system rhoton::posterior-fossa
What is the Posterior Choroidal Arteries?	PCA branches, pineal/choroid plexus supply	rhoton::anatomy rhoton::vasculature rhoton::posterior-circulation
What anatomical region contains the Posterior Choroidal Arteries?	Posterior Cerebral Artery	rhoton::anatomy rhoton::vasculature rhoton::posterior-circulation
What is the Greater Superficial Petrosal Nerve?	GSPN, geniculate landmark, Kawase triangle boundary	rhoton::anatomy rhoton::cranial-nerve rhoton::skull-base
What anatomical region contains the Greater Superficial Petrosal Nerve?	Facial Nerve	rhoton::anatomy rhoton::cranial-nerve rhoton::skull-base
What is the Labyrinthine Artery?	AICA branch, sole cochlear supply, deafness risk	rhoton::anatomy rhoton::vasculature rhoton::posterior-circulation
What anatomical region contains the Labyrinthine Artery?	Aica	rhoton::anatomy rhoton::vasculature rhoton::posterior-circulation
Surgical significance of the Labyrinthine Artery?	The labyrinthine artery is at risk in all three surgical approaches:	rhoton::anatomy rhoton::vasculature rhoton::posterior-circulation
What is the Maxillary Artery?	ECA terminal, infratemporal/pterygopalatine course, endonasal landmark	rhoton::artery rhoton::external-carotid rhoton::infratemporal-fossa
What anatomical region contains the Maxillary Artery?	Anterior Circulation	rhoton::artery rhoton::external-carotid rhoton::infratemporal-fossa
Surgical significance of the Maxillary Artery?	- The [[sphenopalatine-artery]] (terminal branch) is the pedicle of the **nasoseptal flap** — the workhorse flap for [[endoscopic-endonasal-approach|endonasal skull base reconstruction]]	rhoton::artery rhoton::external-carotid rhoton::infratemporal-fossa
What is the Posterior Cerebral Artery?	P1-P4 segments, thalamoperforating, choroidal branches	rhoton::anatomy rhoton::vasculature rhoton::posterior-circulation
What anatomical region contains the Posterior Cerebral Artery?	Posterior Circulation	rhoton::anatomy rhoton::vasculature rhoton::posterior-circulation
What is the Posterior Inferior Cerebellar Artery?	Lower neurovascular complex, telovelar approach	rhoton::anatomy rhoton::vasculature rhoton::posterior-circulation
What anatomical region contains the Posterior Inferior Cerebellar Artery?	Posterior Circulation	rhoton::anatomy rhoton::vasculature rhoton::posterior-circulation
What is the Olfactory Nerve and Tract?	CN I, cribriform plate, olfactory groove meningioma	rhoton::anatomy rhoton::cranial-nerves rhoton::anterior-fossa
What anatomical region contains the Olfactory Nerve and Tract?	Cranial Nerves Overview	rhoton::anatomy rhoton::cranial-nerves rhoton::anterior-fossa
Surgical significance of the Olfactory Nerve and Tract?	Arise from the dura over the cribriform plate and planum sphenoidale ([[sphenoid-bone]]). They grow between the frontal lobes, displacing the olfactory tracts laterally. Often large at diagnosis due to "silent" location. Approaches:	rhoton::anatomy rhoton::cranial-nerves rhoton::anterior-fossa
What is the Optic Chiasm?	Visual pathway crossing, sellar region landmark	rhoton::anatomy rhoton::cranial-nerves rhoton::visual-pathway
What anatomical region contains the Optic Chiasm?	Cranial Nerves Overview	rhoton::anatomy rhoton::cranial-nerves rhoton::visual-pathway
Surgical significance of the Optic Chiasm?	- **Pituitary adenomas** — compress the chiasm from below, causing bitemporal hemianopia (classic visual field defect)	rhoton::anatomy rhoton::cranial-nerves rhoton::visual-pathway
What is the Dentate Ligament?	Foramen magnum landmark, anterior/posterior compartment division	rhoton::anatomy rhoton::foramen-magnum rhoton::spinal-cord
What anatomical region contains the Dentate Ligament?	Foramen Magnum	rhoton::anatomy rhoton::foramen-magnum rhoton::spinal-cord
Surgical significance of the Dentate Ligament?	The dentate ligament is a key orientation landmark after dural opening:	rhoton::anatomy rhoton::foramen-magnum rhoton::spinal-cord
What is the Middle Cerebral Artery?	M1-M4 segments, branching patterns, lenticulostriate arteries	rhoton::anatomy rhoton::vasculature rhoton::anterior-circulation
What anatomical region contains the Middle Cerebral Artery?	Anterior Circulation	rhoton::anatomy rhoton::vasculature rhoton::anterior-circulation
What is the Extraocular Muscles?	Rectus/oblique muscles, annulus of Zinn, CN palsies	rhoton::anatomy rhoton::orbit rhoton::cranial-nerves
What anatomical region contains the Extraocular Muscles?	Orbit	rhoton::anatomy rhoton::orbit rhoton::cranial-nerves
Surgical significance of the Extraocular Muscles?	Complete palsy of CN III, IV, V1, and VI from lesions at the SOF. All eye movements lost + forehead numbness + ptosis + fixed dilated pupil.	rhoton::anatomy rhoton::orbit rhoton::cranial-nerves
What is the Internal Cerebral Veins?	Velum interpositum, venous angle, thalamostriate drainage	rhoton::anatomy rhoton::venous-system rhoton::deep-structures
What anatomical region contains the Internal Cerebral Veins?	Deep Venous System	rhoton::anatomy rhoton::venous-system rhoton::deep-structures
Surgical significance of the Internal Cerebral Veins?	The [[interhemispheric-approach|transcallosal approach]] exposes the internal cerebral veins in the roof of the third ventricle after opening the velum interpositum. The tela choroidea between the fornix and the ICV must be opened carefully to access third ventricle tumors.	rhoton::anatomy rhoton::venous-system rhoton::deep-structures
What is the Anterior Communicating Artery?	Connects bilateral ACAs, most common aneurysm site	rhoton::anatomy rhoton::vasculature rhoton::anterior-circulation
What anatomical region contains the Anterior Communicating Artery?	Anterior Circulation	rhoton::anatomy rhoton::vasculature rhoton::anterior-circulation
What is the Oculomotor Nerve?	CN III, PCA-SCA sandwich, PCoA aneurysm relation	rhoton::anatomy rhoton::cranial-nerves rhoton::rhoton
What anatomical region contains the Oculomotor Nerve?	Cranial Nerves Overview	rhoton::anatomy rhoton::cranial-nerves rhoton::rhoton
What is the Superficial Temporal Artery?	STA-MCA bypass donor, pterional landmark, CN VII relation	rhoton::artery rhoton::external-carotid rhoton::scalp
What anatomical region contains the Superficial Temporal Artery?	Anterior Circulation	rhoton::artery rhoton::external-carotid rhoton::scalp
Surgical significance of the Superficial Temporal Artery?	- The **STA-MCA bypass** is the standard low-flow revascularization procedure	rhoton::artery rhoton::external-carotid rhoton::scalp
What is the Vestibulocochlear Nerve?	CN VIII, vestibular schwannoma origin	rhoton::anatomy rhoton::cranial-nerves rhoton::posterior-fossa
What anatomical region contains the Vestibulocochlear Nerve?	Cranial Nerves Overview	rhoton::anatomy rhoton::cranial-nerves rhoton::posterior-fossa
What is the Optic Tract?	Post-chiasmatic pathway, AChA landmark, uncal herniation	rhoton::anatomy rhoton::cranial-nerve rhoton::deep-structures
What anatomical region contains the Optic Tract?	Cranial Nerves Overview	rhoton::anatomy rhoton::cranial-nerve rhoton::deep-structures
Surgical significance of the Optic Tract?	The optic tract is a visible landmark during:	rhoton::anatomy rhoton::cranial-nerve rhoton::deep-structures
What is the Bridging Veins?	Four drainage groups, Labbé/Trolard, craniotomy risks	rhoton::anatomy rhoton::venous-system rhoton::surgical-landmark
What anatomical region contains the Bridging Veins?	Cerebral Veins	rhoton::anatomy rhoton::venous-system rhoton::surgical-landmark
Surgical significance of the Bridging Veins?	The number and distribution of bridging veins vary considerably between patients. In limited surgical exposures, it is difficult to assess how significant the anastomotic channels are. Sacrificing a single large bridging vein that drains an entire lobe is far more likely to produce venous infarction	rhoton::anatomy rhoton::venous-system rhoton::surgical-landmark
What is the Internal Carotid Artery?	C1-C4 segments, prebifurcation branches	rhoton::anatomy rhoton::vasculature rhoton::anterior-circulation
What anatomical region contains the Internal Carotid Artery?	Anterior Circulation	rhoton::anatomy rhoton::vasculature rhoton::anterior-circulation
What is the Vertebral Artery?	V1-V4 segments, vertebrobasilar system, foramen magnum	rhoton::anatomy rhoton::vasculature rhoton::posterior-circulation
What anatomical region contains the Vertebral Artery?	Posterior Circulation	rhoton::anatomy rhoton::vasculature rhoton::posterior-circulation
Surgical significance of the Vertebral Artery?	The primary corridor for vertebral artery pathology at the foramen magnum. The V3 segment is identified in the suboccipital triangle between the C1 and C2 transverse processes, then traced to its dural entry. The approach provides exposure of the anterolateral foramen magnum, vertebral artery, and v	rhoton::anatomy rhoton::vasculature rhoton::posterior-circulation
What is the Ophthalmic Artery?	First ICA branch, orbital supply, ethmoidal arteries	rhoton::anatomy rhoton::vasculature rhoton::anterior-circulation
What anatomical region contains the Ophthalmic Artery?	Internal Carotid Artery	rhoton::anatomy rhoton::vasculature rhoton::anterior-circulation
Surgical significance of the Ophthalmic Artery?	Removing the anterior clinoid process unroofs the optic canal and exposes the ophthalmic artery origin from the ICA. Critical for paraclinoid [[internal-carotid-artery|ICA]] [[aneurysm-surgery]] and optic nerve decompression.	rhoton::anatomy rhoton::vasculature rhoton::anterior-circulation
What is the Facial Nerve?	CN VII, CP angle surgery, parotid branches	rhoton::anatomy rhoton::cranial-nerves rhoton::posterior-fossa
What anatomical region contains the Facial Nerve?	Cranial Nerves Overview	rhoton::anatomy rhoton::cranial-nerves rhoton::posterior-fossa
What is the Trigeminal Nerve?	CN V, three divisions, neurovascular compression	rhoton::anatomy rhoton::cranial-nerves rhoton::rhoton
What anatomical region contains the Trigeminal Nerve?	Cranial Nerves Overview	rhoton::anatomy rhoton::cranial-nerves rhoton::rhoton
Surgical significance of the Trigeminal Nerve?	- The superior petrosal veins converge near CN V — may need division during [[retrosigmoid-approach]]	rhoton::anatomy rhoton::cranial-nerves rhoton::rhoton
What is the Optic Nerve?	CN II, orbital/canalicular/cisternal segments, opticocarotid triangle	rhoton::anatomy rhoton::cranial-nerves rhoton::anterior-circulation
What anatomical region contains the Optic Nerve?	Cranial Nerves Overview	rhoton::anatomy rhoton::cranial-nerves rhoton::anterior-circulation
Surgical significance of the Optic Nerve?	The optic nerve is one of the first structures identified. The **opticocarotid triangle** (between the optic nerve, ICA, and A1) provides the corridor to the [[basilar-artery]] apex and [[posterior-communicating-artery]]. The nerve must be protected during aneurysm clipping.	rhoton::anatomy rhoton::cranial-nerves rhoton::anterior-circulation
What is the Anterior Inferior Cerebellar Artery?	Middle neurovascular complex, meatal loop, labyrinthine artery	rhoton::anatomy rhoton::vasculature rhoton::posterior-circulation
What anatomical region contains the Anterior Inferior Cerebellar Artery?	Posterior Circulation	rhoton::anatomy rhoton::vasculature rhoton::posterior-circulation
What is the Pituitary Gland?	Adenohypophysis/neurohypophysis, hypophyseal arteries	rhoton::anatomy rhoton::sellar-region rhoton::endocrine
What anatomical region contains the Pituitary Gland?	Sellar Region	rhoton::anatomy rhoton::sellar-region rhoton::endocrine
Surgical significance of the Pituitary Gland?	The preferred route for pituitary adenomas. The nasal cavity → sphenoid sinus → sellar floor pathway avoids brain retraction. The endoscopic endonasal variant has become the standard technique. Extended approaches reach suprasellar and clival lesions.	rhoton::anatomy rhoton::sellar-region rhoton::endocrine
What is the Trochlear Nerve?	CN IV, dorsal origin, tentorial edge course, thinnest CN	rhoton::anatomy rhoton::cranial-nerves rhoton::tentorial-incisura
What anatomical region contains the Trochlear Nerve?	Cranial Nerves Overview	rhoton::anatomy rhoton::cranial-nerves rhoton::tentorial-incisura
Surgical significance of the Trochlear Nerve?	CN IV is the cranial nerve most frequently injured during operations in the middle incisural space. Its extreme thinness and friability make it vulnerable to:	rhoton::anatomy rhoton::cranial-nerves rhoton::tentorial-incisura
What is the Posterior Communicating Artery?	Lateral boundary of circle of Willis, premamillary artery	rhoton::anatomy rhoton::vasculature rhoton::anterior-circulation
What anatomical region contains the Posterior Communicating Artery?	Circle Of Willis	rhoton::anatomy rhoton::vasculature rhoton::anterior-circulation
What is the Basilar Artery?	Pontine trunk, SCA/AICA/PCA branches, perforators	rhoton::anatomy rhoton::vasculature rhoton::posterior-circulation
What anatomical region contains the Basilar Artery?	Posterior Circulation	rhoton::anatomy rhoton::vasculature rhoton::posterior-circulation
Surgical significance of the Basilar Artery?	Among the most challenging intracranial aneurysms. Approached via the [[pterional-approach]] (most common), [[transsphenoidal-approach|anterior transpetrosal]], or subtemporal corridors. The bifurcation height determines the optimal approach: high bifurcations favor pterional, low bifurcations may r	rhoton::anatomy rhoton::vasculature rhoton::posterior-circulation
What is the Lower Cranial Nerves (CN IX–XII)?	CN IX-XII, jugular foramen, foramen magnum	rhoton::anatomy rhoton::cranial-nerves rhoton::posterior-fossa
What anatomical region contains the Lower Cranial Nerves (CN IX–XII)?	Cranial Nerves Overview	rhoton::anatomy rhoton::cranial-nerves rhoton::posterior-fossa
Surgical significance of the Lower Cranial Nerves (CN IX–XII)?	The primary corridor exposing all four lower cranial nerves. CN XI is identified ascending behind the [[vertebral-artery]] through the foramen magnum. CN XII rootlets are seen crossing behind the vertebral artery. CN IX and X are visible at the jugular foramen above.	rhoton::anatomy rhoton::cranial-nerves rhoton::posterior-fossa
What is the Basal Vein of Rosenthal?	Deep venous conduit, PCA parallel, pineal region obstacle	rhoton::anatomy rhoton::venous-system rhoton::deep-structures
What anatomical region contains the Basal Vein of Rosenthal?	Deep Venous System	rhoton::anatomy rhoton::venous-system rhoton::deep-structures
Surgical significance of the Basal Vein of Rosenthal?	Injury to the basal vein or its major tributaries can produce **venous infarction** of the [[thalamus]], [[basal-ganglia]], or medial temporal lobe. Although diffuse anastomoses exist between the deep veins, sacrifice of the basal vein may cause severe deficits including hemiplegia, coma, and death.	rhoton::anatomy rhoton::venous-system rhoton::deep-structures
What is the Vein of Galen Complex?	Deep venous confluence, ICVs, basal vein, pineal obstacle	rhoton::anatomy rhoton::venous-system rhoton::deep-structures
What anatomical region contains the Vein of Galen Complex?	Deep Venous System	rhoton::anatomy rhoton::venous-system rhoton::deep-structures
Surgical significance of the Vein of Galen Complex?	The vein of Galen and its tributaries are the **principal venous obstacle** in approaches to the pineal region, posterior third ventricle, and quadrigeminal cistern:	rhoton::anatomy rhoton::venous-system rhoton::deep-structures
What is the Posterior Spinal Artery?	VA branch, dorsal column supply, dentate ligament relation	rhoton::anatomy rhoton::vasculature rhoton::posterior-circulation
What anatomical region contains the Posterior Spinal Artery?	Vertebral Artery	rhoton::anatomy rhoton::vasculature rhoton::posterior-circulation
Surgical significance of the Posterior Spinal Artery?	The posterior spinal artery is identified after opening the dura at the [[foramen-magnum]]:	rhoton::anatomy rhoton::vasculature rhoton::posterior-circulation
What is the Lenticulostriate Arteries?	MCA/ACA perforators, basal ganglia supply, end-arteries	rhoton::anatomy rhoton::vasculature rhoton::anterior-circulation
What anatomical region contains the Lenticulostriate Arteries?	Middle Cerebral Artery	rhoton::anatomy rhoton::vasculature rhoton::anterior-circulation
Surgical significance of the Lenticulostriate Arteries?	The MCA bifurcation sits at the lateral edge of the [[anterior-perforated-substance]]. Lenticulostriates arise from M1 proximal to the bifurcation and pass upward into the brain **behind** the aneurysm. Before clip placement:	rhoton::anatomy rhoton::vasculature rhoton::anterior-circulation
What is the Thalamogeniculate Arteries?	P2 perforators, lateral thalamus supply, ambient cistern	rhoton::anatomy rhoton::vasculature rhoton::posterior-circulation
What anatomical region contains the Thalamogeniculate Arteries?	Posterior Cerebral Artery	rhoton::anatomy rhoton::vasculature rhoton::posterior-circulation
Surgical significance of the Thalamogeniculate Arteries?	The thalamogeniculate arteries are at risk during surgery in the ambient cistern, including:	rhoton::anatomy rhoton::vasculature rhoton::posterior-circulation
What is the Sphenopalatine Artery?	Nasoseptal flap pedicle, posterior epistaxis	rhoton::anatomy rhoton::vasculature rhoton::skull-base
What anatomical region contains the Sphenopalatine Artery?	Maxillary Artery	rhoton::anatomy rhoton::vasculature rhoton::skull-base
Surgical significance of the Sphenopalatine Artery?	The sphenopalatine artery is the most common source of **posterior epistaxis** that fails conservative management. Surgical ligation via endoscopic approach at the sphenopalatine foramen is the definitive treatment.	rhoton::anatomy rhoton::vasculature rhoton::skull-base
